title,author,link,home,rss,date,timestamp
洪绘压图发布！批量转图片格式，批量压缩图片工具（Mac/Windows）,张洪Heo,https://blog.zhheo.com/p/bp85fpdb.html,https://blog.zhheo.com/,https://blog.zhheo.com/rss.xml,2026-04-15,1776228772.0
让我们自建一个自己的CDN！,《二叉树树》官方网站,https://2x.nz/posts/self-host-cdn/,https://2x.nz/,https://2x.nz/rss.xml,2026-04-11,1775924501.0
视频压缩软件 CompressO 3.0 MacOS 免费汉化版下载,张洪Heo,https://blog.zhheo.com/p/9ekjlgs4.html,https://blog.zhheo.com/,https://blog.zhheo.com/rss.xml,2026-04-09,1775727202.0
我将我最初接触 Vibe Coding 的飞机大战重写了，飞机大战2.0登场,张洪Heo,https://blog.zhheo.com/p/ulmdpqpw.html,https://blog.zhheo.com/,https://blog.zhheo.com/rss.xml,2026-04-09,1775702331.0
如何让OpenClaw控制智能家居，OpenClaw连接HomeAssistant教程,张洪Heo,https://blog.zhheo.com/p/v5h8ojrd.html,https://blog.zhheo.com/,https://blog.zhheo.com/rss.xml,2026-04-08,1775641643.0
抖音iframe代码生成器：将抖音链接转为可嵌入网页的iframe代码,张洪Heo,https://blog.zhheo.com/p/53f66bm1.html,https://blog.zhheo.com/,https://blog.zhheo.com/rss.xml,2026-04-07,1775541562.0
Apple Watch + AirPods 真实体验分享：那些意外里的小惊喜与小教训,张洪Heo,https://blog.zhheo.com/p/vcao5jjb.html,https://blog.zhheo.com/,https://blog.zhheo.com/rss.xml,2026-04-07,1775539379.0
WTF？免费优质线路2c4g VPS！免费GLM模型无限用！免费Opus 4.6！,《二叉树树》官方网站,https://2x.nz/posts/what-the-fuck-claw-replit/,https://2x.nz/,https://2x.nz/rss.xml,2026-04-05,1775413040.0
使用 Magsafe 磁吸保护壳，但是磁力比较低，怎么办,张洪Heo,https://blog.zhheo.com/p/idp0qt15.html,https://blog.zhheo.com/,https://blog.zhheo.com/rss.xml,2026-04-05,1775349664.0
ChronoFrame - 一款优雅的瀑布流相册系统,LiuShen's Blog,https://blog.liushen.fun/posts/381a41ac/,https://blog.liushen.fun/,https://blog.liushen.fun/atom.xml,2026-04-04,1775318400.0
握草，用浏览器检测你的NAT类型？！,《二叉树树》官方网站,https://2x.nz/posts/check-nat-webrtc/,https://2x.nz/,https://2x.nz/rss.xml,2026-04-04,1775310361.0
手搓一个电子邮件订阅器！,《二叉树树》官方网站,https://2x.nz/posts/email-posts-sub/,https://2x.nz/,https://2x.nz/rss.xml,2026-04-03,1775215145.0
OpenClaw喧嚣过后，我最终选择了QClaw,张洪Heo,https://blog.zhheo.com/p/bublpdof.html,https://blog.zhheo.com/,https://blog.zhheo.com/rss.xml,2026-04-02,1775114038.0
